FLUID_PAIRING,expression,decay rate,frequency
water-air,0.000055 e^{-11.4565 t} \cos (1012.4 t),11.456536875710555,161.12888397959992
oil_novec7500-water,0.000055 e^{-18.8965 t} \cos (499.691 t),18.89648514233198,79.52836755635211
gearoil-air,0.000055 e^{-181.052 t} \cos (0.00792849 t),181.0524122432442,0.0012618587942842762
