Image,X1,Y1,X2,Y2,distance,theta1,theta2,time,X_mean,Y_mean,displacement1,displacement2,displacement
NX4-S3 Camera000110.jpg,0.004937632,0.003768884,0.004911368,0.003243604,0.0005259361901371687,112.24902365721238,104.38369014106087,0.016666666666666666,0.0049245,0.0035062440000000004,0.006211658101737409,0.00588578818343304,0.006048723142585225
NX4-S3 Camera000111.jpg,0.004983594,0.003768884,0.0049770280000000005,0.003243604,0.0005253210358970978,108.55023192592775,119.32415883569826,0.03333333333333333,0.004980311,0.0035062440000000004,0.0062482554174979115,0.005940688059610604,0.006094471738554258
NX4-S3 Camera000112.jpg,0.005042688,0.003782016,0.005042688,0.003243604,0.000538412,125.04192940153902,108.19827965652685,0.05,0.005042688,0.00351281,0.00630336,0.0059958042975200585,0.006149582148760029
