Image,X1,Y1,X2,Y2,distance,theta1,theta2,time,X_mean,Y_mean,displacement1,displacement2,displacement
NX4-S3 Camera000052.jpg,0.001864744,0.0038082800000000003,0.0018713100000000002,0.003256736,0.0005515830819486762,110.65564664817671,112.83365417791754,0.01,0.001868027,0.003532508,0.004240314462859565,0.003756079137850533,0.003998196800355049
NX4-S3 Camera000053.jpg,0.0019304040000000001,0.0038017140000000003,0.001950102,0.003256736,0.0005453338717593104,102.27216539639038,122.27564431457762,0.02,0.001940253,0.0035292250000000004,0.004263741190669528,0.0037959487857583117,0.00402984498821392
NX4-S3 Camera000054.jpg,0.001982932,0.003814846,0.001996064,0.003243604,0.0005713929225918011,113.62937773065683,109.4400348281762,0.03,0.001989498,0.0035292250000000004,0.004299426626928293,0.00380857432655738,0.0040540004767428365
