solver,RESOLUTION,DELTA_T,step,T_END,N_CELLS,N_CELLS_PER_AXIS,L1_SHAPE_ERROR,VOLUME_ERROR,BOUNDEDNESS_ERROR,MIN_ALPHA,MAX_ALPHA
interIsoFoam,60,1e-05,0,4,5400,73.484692283495,0.0022479641283405,9.8764524336659e-11,0,0,1
interIsoFoam,120,1e-05,0,4,21600,146.96938456699,0.0003051200837562,9.2276519758627e-11,0,0,1
interIsoFoam,240,1e-05,0,4,86400,293.93876913398,7.0610157162033e-05,1.1658840559647e-11,0,0,1
