solver,RESOLUTION,DELTA_T,step,T_END,N_CELLS,N_CELLS_PER_AXIS,L1_SHAPE_ERROR,VOLUME_ERROR,BOUNDEDNESS_ERROR,MIN_ALPHA,MAX_ALPHA
interFoam,60,1e-05,0,4,5400,73.484692283495,0.032532730346726,8.1764039983057e-12,0.0,6.0988555680486e-64,0.99999999999462
interFoam,120,1e-05,0,4,21600,146.96938456699,0.02840587495377,5.5438986734657e-13,0.0,9.133826586986e-152,0.99999999999654
interFoam,240,1e-05,0,4,86400,293.93876913398,0.019599793414817,1.1740608485410998e-12,5.601227863625101e-59,-5.601227863625101e-59,0.9999999999942
