SOLVER,RESOLUTION,L1_SHAPE_ERROR,VOLUME_ERROR
Basilisk,120,0.000505556,7.77156e-16
Basilisk,240,0.000167353,5.55112e-17
Basilisk,60,0.00304959,4.16334e-16
