solver,resolution,DELTA_T,T_END,N_CELLS,N_CELLS_PER_AXIS,L1_SHAPE_ERROR,VOLUME_ERROR,BOUNDEDNESS_ERROR,MIN_ALPHA,MAX_ALPHA
interFoam,64,1e-05,3,65424,255.78115645997,0.0046100436844887,2.4528989950312e-15,0,0,0.99992797149406
interFoam,128,1e-05,3,87206,295.30662031184,0.0016160337319744,1.0881920364803e-14,0,0,0.99999999996043
interFoam,256,1e-05,3,99703,315.75781858887,0.0009798870422389,3.1899829999738e-14,0,0,0.99999999999884
