solver,FLUID_PAIRING,RESOLUTION,L1_SHAPE_ERROR
Fluent,water-air,128,0.0009320025160348596
Fluent,water-air,256,0.00034205738996085164
Fluent,water-air,64,0.0030668459203794358
