solver,resolution,DELTA_T,T_END,N_CELLS,N_CELLS_PER_AXIS,L1_SHAPE_ERROR,VOLUME_ERROR,BOUNDEDNESS_ERROR,MIN_ALPHA,MAX_ALPHA
interIsoFoam,64,1e-05,3,65588,256.10154236162,0.0031513908036437,1.8446358850122e-10,0,0,0.99999999998716
interIsoFoam,128,1e-05,3,88193,296.97306275149,0.00072954802118449,7.859915843178e-11,0,0,0.99999999997836
interIsoFoam,256,1e-05,3,100602,317.17818336071,0.0001081535087982,3.5606025072799e-11,0,0,1
