Image,X1,Y1,X2,Y2,distance,theta1,theta2,time,X_mean,Y_mean,displacement1,displacement2,displacement
NX4-S3 Camera001582.jpg,0.004688124,0.0029350020000000004,0.005174008,0.0032304720000000003,0.0005686701876799943,90.0,113.56883272376682,0.01,0.004931066,0.0030827370000000003,0.005531070726304266,0.00609969737994009,0.005815384053122178
NX4-S3 Camera001583.jpg,0.004668426,0.002974398,0.0051543100000000005,0.003269868,0.0005686701876799943,106.99082329198617,102.9946167919165,0.02,0.004911368,0.003122133,0.005535453439410361,0.00610401083825414,0.005819732138832251
NX4-S3 Camera001584.jpg,0.00462903,0.003040058,0.00512148,0.003328962,0.0005709400351315364,105.25511870305779,103.88466768525818,0.03,0.004875255,0.0031845099999999998,0.005538038586382727,0.006108317721586198,0.005823178153984462
NX4-S3 Camera001585.jpg,0.004609332,0.003079454,0.0050952160000000005,0.003374924,0.0005686701876799943,103.65764250581215,101.0035408517495,0.04,0.004852274,0.003227189,0.005543372477503203,0.0061115741092154,0.005827473293359302
NX4-S3 Camera001586.jpg,0.004589634,0.0031057180000000004,0.005062386,0.003427452,0.0005718454513765061,104.13910831165052,106.38954033403479,0.05,0.00482601,0.0032665850000000002,0.0055416806610882954,0.0061135242884362544,0.005827602474762275
NX4-S3 Camera001588.jpg,0.0045305400000000004,0.003204208,0.00499016,0.00354564,0.0005725612238215228,92.22396124038549,104.20120207024078,0.07,0.00476035,0.003374924,0.0055491207951227734,0.006121540642289325,0.005835330718706049
NX4-S3 Camera001589.jpg,0.00449771,0.00325017,0.00495733,0.003598168,0.0005765007826568842,86.73796652260324,116.05349531049094,0.08,0.004727520000000001,0.0034241690000000003,0.005549144102742332,0.006125514973055245,0.0058373295378987885
NX4-S3 Camera001590.jpg,0.004451748,0.003322396,0.0049245,0.00364413,0.0005718454513765061,87.58049078334366,100.04934858812489,0.09,0.004688124,0.0034832630000000003,0.005554851522436941,0.0061262046739314876,0.0058405280981842144
NX4-S3 Camera001592.jpg,0.004405786,0.0034011880000000003,0.0048719720000000005,0.003729488,0.0005701844233193328,93.17983011986423,104.03624346792648,0.11,0.004638879,0.0035653380000000004,0.005565880890671305,0.006135567774128814,0.00585072433240006
