solver,RESOLUTION,DELTA_T,step,T_END,N_CELLS,N_CELLS_PER_AXIS,L1_SHAPE_ERROR,VOLUME_ERROR,BOUNDEDNESS_ERROR,MIN_ALPHA,MAX_ALPHA
interFoam,32,1e-05,0,3,256,16,0.014892308884604,4.7184478546569005e-16,0,0,0.96394784220611
interFoam,64,1e-05,0,3,1024,32,0.006423816009543,7.147060721024401e-15,0,0,0.99984195756024
interFoam,128,1e-05,0,3,4096,64,0.0033948801819025,6.7792993441174e-14,0,0,0.99999999999693
