solver,RESOLUTION,DELTA_T,step,T_END,N_CELLS,N_CELLS_PER_AXIS,L1_SHAPE_ERROR,VOLUME_ERROR,BOUNDEDNESS_ERROR,MIN_ALPHA,MAX_ALPHA
interIsoFoam,32,1e-05,0,3,256,16,0.0061247202852629,3.3527867981942003e-10,0,0,1
interIsoFoam,64,1e-05,0,3,1024,32,0.0012745679757706,4.3251568992986e-11,0,0,1
interIsoFoam,128,1e-05,0,3,4096,64,0.0002640813708377,7.546713254313899e-12,0,0,1
