Image,X1,Y1,X2,Y2,distance,theta1,theta2,time,X_mean,Y_mean,displacement1,displacement2,displacement
NX4-S3 Camera000122.jpg,0.00206829,0.003814846,0.002048592,0.00325017,0.0005650194653107095,100.00797980144135,111.46508353225522,0.03333333333333333,0.0020584410000000003,0.003532508,0.0043394554413907745,0.003841918038085144,0.00409068673973796
NX4-S3 Camera000125.jpg,0.002127384,0.003814846,0.002114252,0.00325017,0.000564828677034019,105.94539590092286,112.78240573048168,0.13333333333333333,0.002120818,0.003532508,0.004367930023154217,0.0038773272428831696,0.004122628633018694
NX4-S3 Camera000126.jpg,0.0021470820000000002,0.003814846,0.0021405160000000003,0.003256736,0.00055814862219305,104.03624346792648,97.90716270295846,0.16666666666666666,0.002143799,0.003535791,0.004377557665918292,0.0038971961869980324,0.004137376926458162
NX4-S3 Camera000127.jpg,0.002173346,0.003814846,0.002153648,0.003256736,0.0005584575035792787,103.42702175249308,105.97427481960287,0.2,0.0021634970000000003,0.003535791,0.004390499156067792,0.0039044242957957326,0.0041474617259317625
NX4-S3 Camera000131.jpg,0.002239006,0.003821412,0.0022652700000000002,0.003256736,0.0005652864607188112,108.90457584261166,107.44243595319413,0.3333333333333333,0.002252138,0.003539074,0.004429033477157291,0.003967086783345683,0.004198060130251487
